post_id,text,post_text,shared_text,time,image,video,video_thumbnail,video_id,likes,comments,shares,post_url,link,user_id,username,is_live,factcheck,shared_post_id,shared_time,shared_user_id,shared_username,shared_post_url,images
502155397837809,"- UN DISCIPLE se reconnaÃ®t par son amour pour son prochain
(A ceci tous connaÃ®tront que vous Ãªtes mes disciples, si vous avez de lâ€™amour les uns pour les autres. Jeanâ€¬ â€­13:35â€¬â€¬â€¬ )

- UN DISCIPLE Nâ€™a pas peur de dÃ©plaire aux hommes tant que câ€™est pour plaire Ã  son DIEU . (Pierre et Jean leur rÃ©pondirent: Jugez sâ€™il est juste, devant Dieu, de vous obÃ©ir plutÃ´t quâ€™Ã  Dieu; Actesâ€¬ â€­4:19â€¬ â€­)

- UN DISCIPLE a le fardeau des Ã¢mes, pendant un moment il sort de lâ€™Ã©glise ou de sa zone de confort pour gagner des Ã¢mes lÃ  oÃ¹ elles se trouvent par amour pour son PÃˆRE !
( Allez, faites de toutes les nations des disciples, les baptisant au nom du PÃ¨re, du Fils et du Saint-Esprit, Matthieuâ€¬ â€­28:19â€¬ â€­)
-
Si tu as ces 3 caractÃ¨res en toi ,tu es mon frÃ¨reâ¤ï¸ , tu es ma sÅ“ur dâ€™armesâœŠâ¤ï¸ parceque tu es de la grande famille des ""DISCIPLES DE CHRIST"" !

DÃ©clare le
<< je suis et je serai toujours UN DISCIPLE âœŠ>>

""TOUT Ã‡A Câ€™EST LE DISCIPOLAT""

On est au Jour J -5 de la sortie de lâ€™album ! Pour ceux qui sont impatients comme moi je vous donne un grand secret ğŸ‘‚

<<Lâ€™album sera en rÃ©alitÃ© disponible le 22 mars Ã  23h59mn sur YouTube et sur toutes les plateformes de stream ğŸ˜Œ.>>

#ALLUMEZ_LA_LUMIÃˆRE ğŸ’½
#on_va_Ã©tonner_le_monde ğŸŒ","- UN DISCIPLE se reconnaÃ®t par son amour pour son prochain
(A ceci tous connaÃ®tront que vous Ãªtes mes disciples, si vous avez de lâ€™amour les uns pour les autres. Jeanâ€¬ â€­13:35â€¬â€¬â€¬ )

- UN DISCIPLE Nâ€™a pas peur de dÃ©plaire aux hommes tant que câ€™est pour plaire Ã  son DIEU . (Pierre et Jean leur rÃ©pondirent: Jugez sâ€™il est juste, devant Dieu, de vous obÃ©ir plutÃ´t quâ€™Ã  Dieu; Actesâ€¬ â€­4:19â€¬ â€­)

- UN DISCIPLE a le fardeau des Ã¢mes, pendant un moment il sort de lâ€™Ã©glise ou de sa zone de confort pour gagner des Ã¢mes lÃ  oÃ¹ elles se trouvent par amour pour son PÃˆRE !
( Allez, faites de toutes les nations des disciples, les baptisant au nom du PÃ¨re, du Fils et du Saint-Esprit, Matthieuâ€¬ â€­28:19â€¬ â€­)
-
Si tu as ces 3 caractÃ¨res en toi ,tu es mon frÃ¨reâ¤ï¸ , tu es ma sÅ“ur dâ€™armesâœŠâ¤ï¸ parceque tu es de la grande famille des ""DISCIPLES DE CHRIST"" !

DÃ©clare le
<< je suis et je serai toujours UN DISCIPLE âœŠ>>

""TOUT Ã‡A Câ€™EST LE DISCIPOLAT""

On est au Jour J -5 de la sortie de lâ€™album ! Pour ceux qui sont impatients comme moi je vous donne un grand secret ğŸ‘‚

<<Lâ€™album sera en rÃ©alitÃ© disponible le 22 mars Ã  23h59mn sur YouTube et sur toutes les plateformes de stream ğŸ˜Œ.>>

#ALLUMEZ_LA_LUMIÃˆRE ğŸ’½
#on_va_Ã©tonner_le_monde ğŸŒ",,2021-03-18 20:06:48,https://scontent-cdg2-1.xx.fbcdn.net/v/t1.0-9/fr/cp0/e15/q65/162608526_502154384504577_6616571925320559310_n.jpg?_nc_cat=100&ccb=1-3&_nc_sid=110474&_nc_ohc=tOGRBU_Lr7gAX_LHaPK&_nc_ht=scontent-cdg2-1.xx&tp=14&oh=fc363e5335484bd704e85625738bbac6&oe=60797B87,,,,6814,262,0,https://facebook.com/ksbloomofficiel/posts/502155397837809,,112105906842762,Ks Bloom,False,,,,,,,['https://scontent-cdg2-1.xx.fbcdn.net/v/t1.0-9/fr/cp0/e15/q65/162608526_502154384504577_6616571925320559310_n.jpg?_nc_cat=100&ccb=1-3&_nc_sid=110474&_nc_ohc=tOGRBU_Lr7gAX_LHaPK&_nc_ht=scontent-cdg2-1.xx&tp=14&oh=fc363e5335484bd704e85625738bbac6&oe=60797B87']
501456827907666,"Jour j -6, RDV Ce 23 MARS pour lâ€™album ""Allumez la lumiÃ¨re"" ! Ã‡a vient forrrt les Disciples !
Merci Oman Nash ğŸ”¥â¤ï¸

Intro album ğŸ‘‰ : https://youtu.be/qYVDs-ZmJnE
#on_va_Ã©tonner_le_Monde ğŸŒ
#ALLUMEZ_LA_LUMIÃˆRE ğŸ’½","Jour j -6, RDV Ce 23 MARS pour lâ€™album ""Allumez la lumiÃ¨re"" ! Ã‡a vient forrrt les Disciples !
Merci Oman Nash ğŸ”¥â¤ï¸

Intro album ğŸ‘‰ : https://youtu.be/qYVDs-ZmJnE
#on_va_Ã©tonner_le_Monde ğŸŒ
#ALLUMEZ_LA_LUMIÃˆRE ğŸ’½",,2021-03-17 20:29:23,,https://video-cdt1-1.xx.fbcdn.net/v/t42.1790-2/159890066_285313399820606_918751641339267054_n.mp4?_nc_cat=109&ccb=1-3&_nc_sid=985c63&efg=eyJ2ZW5jb2RlX3RhZyI6InN2ZV9zZCJ9&_nc_ohc=bLqtjx5OdiEAX-wQWQ3&_nc_ht=video-cdt1-1.xx&oh=34f7b5aece61002637159bdcf3d459d3&oe=6054F98D,https://scontent-cdt1-1.xx.fbcdn.net/v/t15.5256-10/cp0/e15/q65/p320x320/151779677_272078831125225_5719205805157524861_n.jpg?_nc_cat=109&ccb=1-3&_nc_sid=ccf8b3&_nc_ohc=UjyoS-b92C0AX8iLygr&_nc_ht=scontent-cdt1-1.xx&tp=3&oh=8da09f326e1ff8226cf4f82368215e38&oe=607B3DAA,272077431125365,910,23,0,https://facebook.com/ksbloomofficiel/videos/272077431125365,https://youtu.be/qYVDs-ZmJnE,112105906842762,Ks Bloom,False,,,,,,,[]
500770231309659,"RDV CE MARDI 23 MARS LES DISCIPLES! Dans exactement une semaine (Jour j-7)
pour la sortie de lâ€™album et de lâ€™hymne national des ENFANTS DE DIEU !

Jâ€™suis Trop impatient djo !

20 titres !!! #ALLUMEZ_LA_LUMIÃˆREğŸ’½
#on_va_Ã©tonner_le_monde ğŸŒ","RDV CE MARDI 23 MARS LES DISCIPLES! Dans exactement une semaine (Jour j-7)
pour la sortie de lâ€™album et de lâ€™hymne national des ENFANTS DE DIEU !

Jâ€™suis Trop impatient djo !

20 titres !!! #ALLUMEZ_LA_LUMIÃˆREğŸ’½
#on_va_Ã©tonner_le_monde ğŸŒ",,2021-03-16 20:13:33,,https://video-cdg2-1.xx.fbcdn.net/v/t42.1790-2/159620883_125495736132594_273198487214875066_n.mp4?_nc_cat=111&ccb=1-3&_nc_sid=985c63&efg=eyJ2ZW5jb2RlX3RhZyI6InN2ZV9zZCJ9&_nc_ohc=HuJHpeH8RWwAX80srPO&_nc_ht=video-cdg2-1.xx&oh=d71f7d7fe323c49572495b9ebf8c3471&oe=6054F97B,https://scontent-cdg2-1.xx.fbcdn.net/v/t15.5256-10/cp0/e15/q65/p320x320/148897016_5247110172029334_5195506212652874430_n.jpg?_nc_cat=102&ccb=1-3&_nc_sid=ccf8b3&_nc_ohc=fnhJ4kNuqxAAX8cvOos&_nc_ht=scontent-cdg2-1.xx&tp=3&oh=5e53f7cc4071cedff4d1eedcf4caef02&oe=607B57E1,5247101848696833,3251,208,0,https://facebook.com/ksbloomofficiel/videos/5247101848696833,,112105906842762,Ks Bloom,False,,,,,,,[]
500118784708137,"Jour j -8 , RDV Ce 23 MARS pour lâ€™album ""Allumez la lumiÃ¨re"" ! Ã‡a vient forrrt les Disciples !

Intro album ğŸ‘‰ : https://youtu.be/qYVDs-ZmJnE
#on_va_Ã©tonner_le_Monde ğŸŒ
#ALLUMEZ_LA_LUMIÃˆRE ğŸ’½","Jour j -8 , RDV Ce 23 MARS pour lâ€™album ""Allumez la lumiÃ¨re"" ! Ã‡a vient forrrt les Disciples !

Intro album ğŸ‘‰ : https://youtu.be/qYVDs-ZmJnE
#on_va_Ã©tonner_le_Monde ğŸŒ
#ALLUMEZ_LA_LUMIÃˆRE ğŸ’½",,2021-03-15 20:34:19,,https://video-cdt1-1.xx.fbcdn.net/v/t42.9040-2/159548112_730846010959980_8446281932337814783_n.mp4?_nc_cat=105&ccb=1-3&_nc_sid=985c63&efg=eyJ2ZW5jb2RlX3RhZyI6InN2ZV9zZCJ9&_nc_ohc=4NPg3jVwsfcAX8fAX90&_nc_oc=AQlbQtuo2GSIIqqKN_nYcNsd0PGcvf9NODCoe1nbBby8wfB2QuvZGpFuiF_vWYq5PJqwTG60wV47XDnWmeXK8u6j&_nc_ht=video-cdt1-1.xx&oh=13623ac5714eca8d4d0270ea3bebb081&oe=6054FA6F,https://scontent-cdt1-1.xx.fbcdn.net/v/t15.5256-10/cp0/e15/q65/p320x320/154406197_1835932573239371_1544560407898861340_n.jpg?_nc_cat=101&ccb=1-3&_nc_sid=ccf8b3&_nc_ohc=3fcYoBH2nJQAX_BCCxR&_nc_ht=scontent-cdt1-1.xx&tp=3&oh=5c189d99338696b5cf12a048d2042365&oe=6079538B,1835931663239462,1057,29,0,https://facebook.com/ksbloomofficiel/videos/1835931663239462,https://youtu.be/qYVDs-ZmJnE,112105906842762,Ks Bloom,False,,,,,,,[]
499471664772849,"LES DISCIPLES Jour J-9 !

Non seulement Lâ€™album sort ce 23 mars , mais en plus de Ã§a comme je vous aimes trop ğŸ˜ŒvoilÃ  une deuxiÃ¨me surprise pour le mÃªme jour !

ENFANT DE DIEU (lâ€™hymne nationale) disponible ce 23 Mars sur YouTube Ã  19h !

""TOUT Ã‡A Câ€™EST LE DISCIPOLAT""
Intro dâ€™album ğŸ‘‰ : https://youtu.be/qYVDs-ZmJnE
Plus que jamais ! La lumiÃ¨re doit sâ€™allumer !
#allumez_la_lumiÃ¨re ğŸ’½
#on_va_Ã©tonner_le_monde ğŸŒ•","LES DISCIPLES Jour J-9 !

Non seulement Lâ€™album sort ce 23 mars , mais en plus de Ã§a comme je vous aimes trop ğŸ˜ŒvoilÃ  une deuxiÃ¨me surprise pour le mÃªme jour !

ENFANT DE DIEU (lâ€™hymne nationale) disponible ce 23 Mars sur YouTube Ã  19h !

""TOUT Ã‡A Câ€™EST LE DISCIPOLAT""
Intro dâ€™album ğŸ‘‰ : https://youtu.be/qYVDs-ZmJnE
Plus que jamais ! La lumiÃ¨re doit sâ€™allumer !
#allumez_la_lumiÃ¨re ğŸ’½
#on_va_Ã©tonner_le_monde ğŸŒ•",,2021-03-14 20:47:12,,https://video-cdt1-1.xx.fbcdn.net/v/t42.9040-2/159099632_433036581292591_542213495362130396_n.mp4?_nc_cat=109&ccb=1-3&_nc_sid=985c63&efg=eyJ2ZW5jb2RlX3RhZyI6InN2ZV9zZCJ9&_nc_ohc=KvqywhvXvZIAX_ffeeW&_nc_ht=video-cdt1-1.xx&oh=3904a6a1c785412b4da0ac432ff0b676&oe=6054F37F,https://scontent-cdg2-1.xx.fbcdn.net/v/t15.5256-10/cp0/e15/q65/s320x320/153728338_572202407503915_5306069443999488332_n.jpg?_nc_cat=104&ccb=1-3&_nc_sid=ccf8b3&_nc_ohc=QJqp_JyXAE0AX9r03FZ&_nc_ht=scontent-cdg2-1.xx&tp=9&oh=90df87f57c35560346f26d77049760a4&oe=60794D73,572201280837361,2064,79,0,https://facebook.com/ksbloomofficiel/videos/572201280837361,https://youtu.be/qYVDs-ZmJnE,112105906842762,Ks Bloom,False,,,,,,,[]
498852138168135,"LES DISCIPLES Jour J-10!
Non seulement Lâ€™album sort ce 23 mars , mais en plus de Ã§a comme je vous aimes trop ğŸ˜ŒvoilÃ  une deuxiÃ¨me surprise pour le mÃªme jour !

ENFANT DE DIEU (lâ€™hymne nationale) disponible ce 23 Mars sur YouTube Ã  19h !

""TOUT Ã‡A Câ€™EST LE DISCIPOLAT""
Intro dâ€™album ğŸ‘‰ : https://youtu.be/qYVDs-ZmJnE
Plus que jamais ! La lumiÃ¨re doit sâ€™allumer !
#allumez_la_lumiÃ¨re ğŸ’½
#on_va_Ã©tonner_le_monde ğŸŒ•","LES DISCIPLES Jour J-10!
Non seulement Lâ€™album sort ce 23 mars , mais en plus de Ã§a comme je vous aimes trop ğŸ˜ŒvoilÃ  une deuxiÃ¨me surprise pour le mÃªme jour !

ENFANT DE DIEU (lâ€™hymne nationale) disponible ce 23 Mars sur YouTube Ã  19h !

""TOUT Ã‡A Câ€™EST LE DISCIPOLAT""
Intro dâ€™album ğŸ‘‰ : https://youtu.be/qYVDs-ZmJnE
Plus que jamais ! La lumiÃ¨re doit sâ€™allumer !
#allumez_la_lumiÃ¨re ğŸ’½
#on_va_Ã©tonner_le_monde ğŸŒ•",,2021-03-13 22:28:36,https://scontent-cdt1-1.xx.fbcdn.net/v/t1.0-9/fr/cp0/e15/q65/160381914_498850531501629_4429280692148285985_n.jpg?_nc_cat=101&ccb=1-3&_nc_sid=110474&_nc_ohc=F0XOaJn80YoAX9fEwNe&_nc_ht=scontent-cdt1-1.xx&tp=14&oh=7541a6044db87eef981cc1fe06d7de75&oe=607BDA1A,,,,4705,111,0,https://facebook.com/ksbloomofficiel/posts/498852138168135,https://youtu.be/qYVDs-ZmJnE,112105906842762,Ks Bloom,False,,,,,,,['https://scontent-cdt1-1.xx.fbcdn.net/v/t1.0-9/fr/cp0/e15/q65/160381914_498850531501629_4429280692148285985_n.jpg?_nc_cat=101&ccb=1-3&_nc_sid=110474&_nc_ohc=F0XOaJn80YoAX9fEwNe&_nc_ht=scontent-cdt1-1.xx&tp=14&oh=7541a6044db87eef981cc1fe06d7de75&oe=607BDA1A']
498045398248809,"C'est reparti !

WhatsApp ğŸ‘‰ : ( groupe dÃ©jÃ  remplis ğŸ™)

23Mars #allumer_la_lumiÃ¨re ğŸ’½","C'est reparti !

WhatsApp ğŸ‘‰ : ( groupe dÃ©jÃ  remplis ğŸ™)

23Mars #allumer_la_lumiÃ¨re ğŸ’½",,2021-03-12 17:11:49,,https://video-cdt1-1.xx.fbcdn.net/v/t42.1790-2/158725432_1246301279118091_5246500224404641557_n.mp4?_nc_cat=103&ccb=1-3&_nc_sid=985c63&efg=eyJ2ZW5jb2RlX3RhZyI6InN2ZV9zZCJ9&_nc_ohc=jA0tlEsm14AAX-tp3TB&_nc_ht=video-cdt1-1.xx&oh=59f26a6e5b8544b1e23ecf978170fe47&oe=60550064,https://scontent-cdg2-1.xx.fbcdn.net/v/t15.5256-10/cp0/e15/q65/p320x320/151808779_1368860893474189_3698038754562460232_n.jpg?_nc_cat=102&ccb=1-3&_nc_sid=ccf8b3&_nc_ohc=_ZpMaZ_RpVYAX-GDt_d&_nc_ht=scontent-cdg2-1.xx&tp=3&oh=797d454f538960a41050d8f930f50f5d&oe=607B471E,1368856983474580,4397,137,0,https://facebook.com/ksbloomofficiel/videos/1368856983474580,,112105906842762,Ks Bloom,False,,,,,,,[]
497277911658891,"Combien de fois la vie donne raison Ã  Dieu !
Wilfried ZAHUI â¤ï¸

Hamed BAKAYOKO ğŸ™
#ALLUMEZ_LA_LUMIÃˆRE","Combien de fois la vie donne raison Ã  Dieu !
Wilfried ZAHUI â¤ï¸

Hamed BAKAYOKO ğŸ™
#ALLUMEZ_LA_LUMIÃˆRE",,2021-03-11 13:26:16,,https://video-cdt1-1.xx.fbcdn.net/v/t42.1790-2/10000000_5198745373530069_3408248525181310386_n.mp4?_nc_cat=106&ccb=1-3&_nc_sid=985c63&efg=eyJ2ZW5jb2RlX3RhZyI6InN2ZV9zZCJ9&_nc_ohc=_0yMrSdq6skAX9-DsQO&_nc_ht=video-cdt1-1.xx&oh=731e2c6b5356c83ec20e65826b10ddab&oe=6054F4E3,https://scontent-cdg2-1.xx.fbcdn.net/v/t15.5256-10/cp0/e15/q65/p320x320/154158886_2909283019341056_2922369786881827179_n.jpg?_nc_cat=102&ccb=1-3&_nc_sid=ccf8b3&_nc_ohc=-IgxA5i4rdwAX8bECpP&_nc_ht=scontent-cdg2-1.xx&tp=3&oh=248beb2ec2f77e9f08c49e108c642c9f&oe=60797299,2909279956008029,6592,747,0,https://facebook.com/ksbloomofficiel/videos/2909279956008029,,112105906842762,Ks Bloom,False,,,,,,,[]
496855941701088,"CÃ”TE Dâ€™IVOIRE ton Seigneur saura te consoler ğŸ™
R.I.P son Exellence Hamed BAKAYOKO ğŸ’”ğŸ˜”

https://youtu.be/dFCNLqwRBXY","CÃ”TE Dâ€™IVOIRE ton Seigneur saura te consoler ğŸ™
R.I.P son Exellence Hamed BAKAYOKO ğŸ’”ğŸ˜”

https://youtu.be/dFCNLqwRBXY",,2021-03-10 21:09:50,https://scontent-cdt1-1.xx.fbcdn.net/v/t1.0-9/fr/cp0/e15/q65/159292950_496852431701439_2419187250992913364_n.jpg?_nc_cat=106&ccb=1-3&_nc_sid=110474&_nc_ohc=8i7Ny6u5mUcAX96JyiT&_nc_ht=scontent-cdt1-1.xx&tp=14&oh=ac11dbb208997aa3477c7ccfce3194d8&oe=60795F9A,,,,2155,143,0,https://facebook.com/ksbloomofficiel/posts/496855941701088,https://youtu.be/dFCNLqwRBXY,112105906842762,Ks Bloom,False,,,,,,,['https://scontent-cdt1-1.xx.fbcdn.net/v/t1.0-9/fr/cp0/e15/q65/159292950_496852431701439_2419187250992913364_n.jpg?_nc_cat=106&ccb=1-3&_nc_sid=110474&_nc_ohc=8i7Ny6u5mUcAX96JyiT&_nc_ht=scontent-cdt1-1.xx&tp=14&oh=ac11dbb208997aa3477c7ccfce3194d8&oe=60795F9A']
496221168431232,"RDV le 23 MARS...

Pour PrÃ©commander appelez dÃ¨s maintenant ici :
+225 01 03 08 15 14
+225 07 08 78 07 35

Lâ€™ALBUM sera officiellement disponible sur #youtube et toutes les plateformes ce 23 Mars

Intro de lâ€™album : https://youtu.be/qYVDs-ZmJnE

#ALLUMEZ_LA_LUMIÃˆRE ğŸ’½
#on_va_etonner_le_monde ğŸŒ•","RDV le 23 MARS...

Pour PrÃ©commander appelez dÃ¨s maintenant ici :
+225 01 03 08 15 14
+225 07 08 78 07 35

Lâ€™ALBUM sera officiellement disponible sur #youtube et toutes les plateformes ce 23 Mars

Intro de lâ€™album : https://youtu.be/qYVDs-ZmJnE

#ALLUMEZ_LA_LUMIÃˆRE ğŸ’½
#on_va_etonner_le_monde ğŸŒ•",,2021-03-09 21:58:11,,https://video-cdt1-1.xx.fbcdn.net/v/t42.1790-2/158404373_142671710986737_6788068747971154408_n.mp4?_nc_cat=110&ccb=1-3&_nc_sid=985c63&efg=eyJ2ZW5jb2RlX3RhZyI6InN2ZV9zZCJ9&_nc_ohc=2jMXpvzoc98AX-HenFl&_nc_ht=video-cdt1-1.xx&oh=4cd34115c384dec16848a29dec52843d&oe=6054F2B4,https://scontent-cdt1-1.xx.fbcdn.net/v/t15.5256-10/cp0/e15/q65/p320x320/152582433_343292283710574_8776406285654338757_n.jpg?_nc_cat=109&ccb=1-3&_nc_sid=ccf8b3&_nc_ohc=gu_-4GOI4H8AX9zEZF6&_nc_ht=scontent-cdt1-1.xx&tp=3&oh=0705be0df1aab90cfde34cc8f2affe99&oe=607B5805,343291420377327,1127,72,0,https://facebook.com/ksbloomofficiel/videos/343291420377327,https://youtu.be/qYVDs-ZmJnE,112105906842762,Ks Bloom,False,,,,,,,[]
495881865131829,"En route pour le 23Mars...

Pour PrÃ©commander appelez dÃ¨s maintenant ici :
+225 01 03 08 15 14
+225 07 08 78 07 35

Lâ€™ALBUM sera officiellement disponible sur #youtube et toutes les plateformes ce 23 Mars

Intro de lâ€™album : https://youtu.be/qYVDs-ZmJnE

#ALLUMEZ_LA_LUMIÃˆRE ğŸ’½
#on_va_etonner_le_monde ğŸŒ•","En route pour le 23Mars...

Pour PrÃ©commander appelez dÃ¨s maintenant ici :
+225 01 03 08 15 14
+225 07 08 78 07 35

Lâ€™ALBUM sera officiellement disponible sur #youtube et toutes les plateformes ce 23 Mars

Intro de lâ€™album : https://youtu.be/qYVDs-ZmJnE

#ALLUMEZ_LA_LUMIÃˆRE ğŸ’½
#on_va_etonner_le_monde ğŸŒ•",,2021-03-09 10:45:05,https://scontent-cdg2-1.xx.fbcdn.net/v/t1.0-9/fr/cp0/e15/q65/158822713_495881831798499_2950180074688220141_n.jpg?_nc_cat=104&ccb=1-3&_nc_sid=110474&_nc_ohc=it-gB7UWcyMAX975Lv4&_nc_ht=scontent-cdg2-1.xx&tp=14&oh=09fa54d3d82794ae1d22a85918ae0893&oe=607B88E1,,,,4821,123,0,https://facebook.com/ksbloomofficiel/posts/495881865131829,https://youtu.be/qYVDs-ZmJnE,112105906842762,Ks Bloom,False,,,,,,,['https://scontent-cdg2-1.xx.fbcdn.net/v/t1.0-9/fr/cp0/e15/q65/158822713_495881831798499_2950180074688220141_n.jpg?_nc_cat=104&ccb=1-3&_nc_sid=110474&_nc_ohc=it-gB7UWcyMAX975Lv4&_nc_ht=scontent-cdg2-1.xx&tp=14&oh=09fa54d3d82794ae1d22a85918ae0893&oe=607B88E1']
494904231896259,"ğŸ”…pourquoi c'est quand on donne sa vie Ã  JÃ‰SUS qu'on reÃ§oit les propositions les plus tentantes du monde ?

c'est simple hein les Disciples ,
Jâ€™ai compris que personnes n'aime la crasse ,
personnes n'aime la saletÃ© (bon on sait jamais aussi hein , les gens sont trop bizarre 2 jrs lÃ )
sinon normalement tout le monde aime marcher avec quelqu'un qui sent bon , quelqu'un qui est propre .

ğŸ”…quand tu donne ta vie Ã  JÃ‰SUS , spirituellement tu deviens une nouvelle personne (2 corinthiens 5:17 ) donc ton Esprit est bien nouveau , bien propre du coup sans le vouloir tu attire Ã  toi toutes sortes de choses , toutes sortes de grÃ¢ce et d'esprit parceque je rÃ©pÃ¨te tout le monde aime marcher avec quelqu'un qui est propre et qui sent bon .

c'est lÃ  oÃ¹ tu vois les gens vouloir que tu marches toujours avec eux , les gens qui ne te calculait pas commence Ã  te calculer , c'est lÃ  oÃ¹ tout le monde veut sortir aec toi ( pour rien hein )

c'est ce qui explique toutes ses offres que tu reÃ§ois . mais attention ! n'accepte jamais celles qui te feront perdre cet Ã©clat sinon tu connais la suite... garde toi clean , des offres divines viendront sans que tu force .

ğŸ”…on peut plus creuser l'explication histoire de mieux comprendre mais pour ne pas Ãªtre trop long retient juste que si tu as dÃ©cidÃ© de te convertir et que c'est Ã  ce moment lÃ  que tu reÃ§ois toutes les propositions allÃ©chantes mÃªme celles que tu n'avais jamais reÃ§u avant c'est normal et c'est l'une des preuves que le sang du Christ t'as lavÃ© et que Spirituellement tu es Fraiiis âœ¨ !

ğŸ’½ Lâ€™ALBUM sort ce 23 mars mais je vous sent mÃªme pas ! ON VA REPORTER HEIN ğŸ˜¼ !!
vs pouvez appeler ici ğŸ‘‡ pour vous faire livrer le CD:
+225 01 03 08 15 14
+225 07 08 78 07 35

""TOUT Ã‡A C'EST LE DISCIPOLAT""
Intro dâ€™album ğŸ‘‰ : https://youtu.be/qYVDs-ZmJnE
#allumez_la_lumiÃ¨re ğŸ’½
#on_va_Ã©tonner_le_mondeğŸŒ•","ğŸ”…pourquoi c'est quand on donne sa vie Ã  JÃ‰SUS qu'on reÃ§oit les propositions les plus tentantes du monde ?

c'est simple hein les Disciples ,
Jâ€™ai compris que personnes n'aime la crasse ,
personnes n'aime la saletÃ© (bon on sait jamais aussi hein , les gens sont trop bizarre 2 jrs lÃ )
sinon normalement tout le monde aime marcher avec quelqu'un qui sent bon , quelqu'un qui est propre .

ğŸ”…quand tu donne ta vie Ã  JÃ‰SUS , spirituellement tu deviens une nouvelle personne (2 corinthiens 5:17 ) donc ton Esprit est bien nouveau , bien propre du coup sans le vouloir tu attire Ã  toi toutes sortes de choses , toutes sortes de grÃ¢ce et d'esprit parceque je rÃ©pÃ¨te tout le monde aime marcher avec quelqu'un qui est propre et qui sent bon .

c'est lÃ  oÃ¹ tu vois les gens vouloir que tu marches toujours avec eux , les gens qui ne te calculait pas commence Ã  te calculer , c'est lÃ  oÃ¹ tout le monde veut sortir aec toi ( pour rien hein )

c'est ce qui explique toutes ses offres que tu reÃ§ois . mais attention ! n'accepte jamais celles qui te feront perdre cet Ã©clat sinon tu connais la suite... garde toi clean , des offres divines viendront sans que tu force .

ğŸ”…on peut plus creuser l'explication histoire de mieux comprendre mais pour ne pas Ãªtre trop long retient juste que si tu as dÃ©cidÃ© de te convertir et que c'est Ã  ce moment lÃ  que tu reÃ§ois toutes les propositions allÃ©chantes mÃªme celles que tu n'avais jamais reÃ§u avant c'est normal et c'est l'une des preuves que le sang du Christ t'as lavÃ© et que Spirituellement tu es Fraiiis âœ¨ !

ğŸ’½ Lâ€™ALBUM sort ce 23 mars mais je vous sent mÃªme pas ! ON VA REPORTER HEIN ğŸ˜¼ !!
vs pouvez appeler ici ğŸ‘‡ pour vous faire livrer le CD:
+225 01 03 08 15 14
+225 07 08 78 07 35

""TOUT Ã‡A C'EST LE DISCIPOLAT""
Intro dâ€™album ğŸ‘‰ : https://youtu.be/qYVDs-ZmJnE
#allumez_la_lumiÃ¨re ğŸ’½
#on_va_Ã©tonner_le_mondeğŸŒ•",,2021-03-07 20:25:44,https://scontent-cdg2-1.xx.fbcdn.net/v/t1.0-9/fr/cp0/e15/q65/158442009_494900168563332_5914503976995206657_n.jpg?_nc_cat=107&ccb=1-3&_nc_sid=110474&_nc_ohc=iUkEmJYPaYoAX_rPoLn&_nc_ht=scontent-cdg2-1.xx&tp=14&oh=68272565771f295b80ab45653e9f82a5&oe=6079E711,,,,9680,313,0,https://facebook.com/ksbloomofficiel/posts/494904231896259,,112105906842762,Ks Bloom,False,,,,,,,['https://scontent-cdg2-1.xx.fbcdn.net/v/t1.0-9/fr/cp0/e15/q65/158442009_494900168563332_5914503976995206657_n.jpg?_nc_cat=107&ccb=1-3&_nc_sid=110474&_nc_ohc=iUkEmJYPaYoAX_rPoLn&_nc_ht=scontent-cdg2-1.xx&tp=14&oh=68272565771f295b80ab45653e9f82a5&oe=6079E711']
494275311959151,"Ã€ propos de la derniÃ¨re fois .

#Holly_Chill | ALBUM disponible ce 23 Mars 2021

Les soeurettes vous Ãªtes trop cools ğŸ‘ŠğŸ˜„

Intro d'Album ğŸ‘‰ : https://youtu.be/qYVDs-ZmJnE
#ALLUMEZ_LA_LUMIÃˆRE ğŸ’½
""TOUT Ã‡A C'EST LE DISCIPOLAT""
#on_va_Ã©tonner_le_monde ğŸŒ•","Ã€ propos de la derniÃ¨re fois .

#Holly_Chill | ALBUM disponible ce 23 Mars 2021

Les soeurettes vous Ãªtes trop cools ğŸ‘ŠğŸ˜„

Intro d'Album ğŸ‘‰ : https://youtu.be/qYVDs-ZmJnE
#ALLUMEZ_LA_LUMIÃˆRE ğŸ’½
""TOUT Ã‡A C'EST LE DISCIPOLAT""
#on_va_Ã©tonner_le_monde ğŸŒ•",,2021-03-06 22:33:56,,https://video-cdt1-1.xx.fbcdn.net/v/t42.1790-2/10000000_1132172803914567_8104501409857363065_n.mp4?_nc_cat=110&ccb=1-3&_nc_sid=985c63&efg=eyJ2ZW5jb2RlX3RhZyI6InN2ZV9zZCJ9&_nc_ohc=_QoH0XPd22cAX_RxhQ0&_nc_ht=video-cdt1-1.xx&oh=99f6944e97839bbb16ca8490098d206f&oe=6054FA81,https://scontent-cdt1-1.xx.fbcdn.net/v/t15.5256-10/cp0/e15/q65/s320x320/142885289_473335477369944_8645763825973939677_n.jpg?_nc_cat=106&ccb=1-3&_nc_sid=ccf8b3&_nc_ohc=zSoo1eFUoOMAX_Vr3d3&_nc_ht=scontent-cdt1-1.xx&tp=9&oh=0e1155904d1be4e27e0583805751f5e3&oe=607A7404,473334400703385,2077,149,0,https://facebook.com/ksbloomofficiel/videos/473334400703385,https://youtu.be/qYVDs-ZmJnE,112105906842762,Ks Bloom,False,,,,,,,[]
493614962025186,,,,2021-03-05 22:42:26,https://scontent-cdt1-1.xx.fbcdn.net/v/t1.0-9/fr/cp0/e15/q65/157279907_493614832025199_8973400738545527559_o.jpg?_nc_cat=109&ccb=1-3&_nc_sid=dd9801&_nc_ohc=kZDNo6xeNsUAX90bSLR&_nc_ht=scontent-cdt1-1.xx&tp=14&oh=9c9c10a392dd29a38f0da7be19ab455d&oe=607C1FC5,,,,4528,96,0,https://facebook.com/ksbloomofficiel/posts/493614828691866,,112105906842762,Ks Bloom,False,,,,,,,"['https://scontent-cdt1-1.xx.fbcdn.net/v/t1.0-9/fr/cp0/e15/q65/157279907_493614832025199_8973400738545527559_o.jpg?_nc_cat=109&ccb=1-3&_nc_sid=dd9801&_nc_ohc=kZDNo6xeNsUAX90bSLR&_nc_ht=scontent-cdt1-1.xx&tp=14&oh=9c9c10a392dd29a38f0da7be19ab455d&oe=607C1FC5', 'https://scontent-cdt1-1.xx.fbcdn.net/v/t1.0-9/fr/cp0/e15/q65/157279907_493614832025199_8973400738545527559_o.jpg?_nc_cat=109&ccb=1-3&_nc_sid=dd9801&_nc_ohc=kZDNo6xeNsUAX90bSLR&_nc_ht=scontent-cdt1-1.xx&tp=14&oh=9c9c10a392dd29a38f0da7be19ab455d&oe=607C1FC5', 'https://scontent-cdt1-1.xx.fbcdn.net/v/t1.0-9/fr/cp0/e15/q65/157279907_493614832025199_8973400738545527559_o.jpg?_nc_cat=109&ccb=1-3&_nc_sid=dd9801&_nc_ohc=kZDNo6xeNsUAX90bSLR&_nc_ht=scontent-cdt1-1.xx&tp=14&oh=9c9c10a392dd29a38f0da7be19ab455d&oe=607C1FC5']"
492297772156905,"Merci mon vieux Billy Billy ğŸ™ ! Merci âœŠâ¤ï¸

Billy Billy
March 3 at 6:58 PM Â·

Jkiff !!!",Merci mon vieux Billy Billy ğŸ™ ! Merci âœŠâ¤ï¸,"Billy Billy
March 3 at 6:58 PM Â·

Jkiff !!!",2021-03-03 21:58:29,,https://video-cdt1-1.xx.fbcdn.net/v/t42.1790-2/154802733_1684584775070118_5059704348648668546_n.mp4?_nc_cat=106&ccb=1-3&_nc_sid=985c63&efg=eyJ2ZW5jb2RlX3RhZyI6InN2ZV9zZCJ9&_nc_ohc=KjpclBRMlFkAX_AvOC5&_nc_ht=video-cdt1-1.xx&oh=7242e4767cbb34c3bc4684a5f4cfe351&oe=6054F3FD,https://scontent-cdt1-1.xx.fbcdn.net/v/t15.5256-10/cp0/e15/q65/s320x320/137122590_267911874991102_8071420478890883908_n.jpg?_nc_cat=106&ccb=1-3&_nc_sid=ccf8b3&_nc_ohc=KOOFFHg5820AX9xnA7x&_nc_ht=scontent-cdt1-1.xx&tp=9&oh=41782107a9b71bd77077f2f502bf99ad&oe=607943D0,267911541657802,1791,91,224,https://facebook.com/ksbloomofficiel/posts/492297772156905,,112105906842762,Ks Bloom,False,,272736310883442,2021-03-03 18:58:00,100044412250550,Billy Billy,https://facebook.com/story.php?story_fbid=272736310883442&id=100044412250550,[]
492285675491448,"Les disciples notre ALBUM est enfin lÃ  !
Soyez parmis les premiers Ã  le recevoir !

Pour PrÃ©commandez appelez dÃ¨s maintenant ici :
+225 01 03 08 15 14
+225 07 08 78 07 35

Lâ€™ALBUM sera officiellement disponible sur #youtube et toutes les plateformes ce 23 Mars

Intro de lâ€™album : https://youtu.be/qYVDs-ZmJnE

#ALLUMEZ_LA_LUMIÃˆRE ğŸ’½
#on_va_etonner_le_monde ğŸŒ•","Les disciples notre ALBUM est enfin lÃ  !
Soyez parmis les premiers Ã  le recevoir !

Pour PrÃ©commandez appelez dÃ¨s maintenant ici :
+225 01 03 08 15 14
+225 07 08 78 07 35

Lâ€™ALBUM sera officiellement disponible sur #youtube et toutes les plateformes ce 23 Mars

Intro de lâ€™album : https://youtu.be/qYVDs-ZmJnE

#ALLUMEZ_LA_LUMIÃˆRE ğŸ’½
#on_va_etonner_le_monde ğŸŒ•",,2021-03-03 21:34:46,https://scontent-cdt1-1.xx.fbcdn.net/v/t1.0-9/fr/cp0/e15/q65/156752800_492285525491463_6777817000665369013_o.jpg?_nc_cat=103&ccb=1-3&_nc_sid=110474&_nc_ohc=qpoGmMrAP3IAX9LiJL-&_nc_ht=scontent-cdt1-1.xx&tp=14&oh=4f4eeb2ab7715e39413624c990ef372e&oe=607A503E,,,,6867,232,0,https://facebook.com/ksbloomofficiel/posts/492285675491448,https://youtu.be/qYVDs-ZmJnE,112105906842762,Ks Bloom,False,,,,,,,['https://scontent-cdt1-1.xx.fbcdn.net/v/t1.0-9/fr/cp0/e15/q65/156752800_492285525491463_6777817000665369013_o.jpg?_nc_cat=103&ccb=1-3&_nc_sid=110474&_nc_ohc=qpoGmMrAP3IAX9LiJL-&_nc_ht=scontent-cdt1-1.xx&tp=14&oh=4f4eeb2ab7715e39413624c990ef372e&oe=607A503E']
492055425514473,"Enfin ce quâ€™on attendait tous !

YOUTUBE.COM
KS BLOOM - Intro ALBUM ( 23 mars 2021 )",Enfin ce quâ€™on attendait tous !,"YOUTUBE.COM
KS BLOOM - Intro ALBUM ( 23 mars 2021 )",2021-03-03 14:39:55,,,,,3349,154,276,https://facebook.com/ksbloomofficiel/posts/492055425514473,https://youtube.com/watch?v=qYVDs-ZmJnE&feature=share,112105906842762,Ks Bloom,False,,,,,,,[]
491622085557807,"ENFIN CE QU'ON ATTENDAIT TOUS !

https://youtu.be/qYVDs-ZmJnE","ENFIN CE QU'ON ATTENDAIT TOUS !

https://youtu.be/qYVDs-ZmJnE",,2021-03-02 22:37:16,,https://video-cdt1-1.xx.fbcdn.net/v/t42.1790-2/156861018_439690977278524_1422257667272160623_n.mp4?_nc_cat=109&ccb=1-3&_nc_sid=985c63&efg=eyJ2ZW5jb2RlX3RhZyI6InN2ZV9zZCJ9&_nc_ohc=QL9ZXukfkBgAX8rIf8I&_nc_ht=video-cdt1-1.xx&oh=0afa854d408780cfd21047adb0808efb&oe=6054FD94,https://scontent-cdt1-1.xx.fbcdn.net/v/t15.5256-10/cp0/e15/q65/s320x320/143718556_770084560381329_386677730046738037_n.jpg?_nc_cat=109&ccb=1-3&_nc_sid=ccf8b3&_nc_ohc=TJDSUugJKVEAX9GGMls&_nc_ht=scontent-cdt1-1.xx&tp=9&oh=a66dcc70f290bfc3bfc09cede4aa653d&oe=607C484C,770073567049095,9826,991,0,https://facebook.com/ksbloomofficiel/videos/770073567049095,https://youtu.be/qYVDs-ZmJnE,112105906842762,Ks Bloom,False,,,,,,,[]
490926145627401,"Merci PAPA pour ce moment â¤ï¸
Merci sista Indira Baboke pour lâ€™invitation âœ…
Merci Ã  vous mes camers pour lâ€™ accueil ğŸ‡¨ğŸ‡²
Câ€™Ã©tait vraiment puissant ! DIEU vous bÃ©nisse !
Je vous aime ! Ã€ trÃ¨s bientÃ´t ğŸ‘‹
â€”â€”â€”â€”â€”â€”â€”â€”
Ce mois de MARS sera trÃ¨s particulier pour nous
Les gars ğŸ—“

Jâ€™ai une grande nouvelle Ã  vous annoncer demain .... #RestonsConcentrÃ©sğŸ¤«

#on_va_etonner_le_monde ğŸŒ•
#allumez_la_lumiÃ¨re ğŸ’½","Merci PAPA pour ce moment â¤ï¸
Merci sista Indira Baboke pour lâ€™invitation âœ…
Merci Ã  vous mes camers pour lâ€™ accueil ğŸ‡¨ğŸ‡²
Câ€™Ã©tait vraiment puissant ! DIEU vous bÃ©nisse !
Je vous aime ! Ã€ trÃ¨s bientÃ´t ğŸ‘‹
â€”â€”â€”â€”â€”â€”â€”â€”
Ce mois de MARS sera trÃ¨s particulier pour nous
Les gars ğŸ—“

Jâ€™ai une grande nouvelle Ã  vous annoncer demain .... #RestonsConcentrÃ©sğŸ¤«

#on_va_etonner_le_monde ğŸŒ•
#allumez_la_lumiÃ¨re ğŸ’½",,2021-03-01 21:13:04,https://scontent-cdt1-1.xx.fbcdn.net/v/t1.0-9/fr/cp0/e15/q65/156228956_490922412294441_131200097202683292_o.jpg?_nc_cat=103&ccb=1-3&_nc_sid=110474&_nc_ohc=_WDIBGt8Q5AAX-UqWtf&_nc_ht=scontent-cdt1-1.xx&tp=14&oh=712e391b8a280a0756999361a261a080&oe=607B5049,,,,8364,208,0,https://facebook.com/ksbloomofficiel/posts/490926145627401,,112105906842762,Ks Bloom,False,,,,,,,['https://scontent-cdt1-1.xx.fbcdn.net/v/t1.0-9/fr/cp0/e15/q65/156228956_490922412294441_131200097202683292_o.jpg?_nc_cat=103&ccb=1-3&_nc_sid=110474&_nc_ohc=_WDIBGt8Q5AAX-UqWtf&_nc_ht=scontent-cdt1-1.xx&tp=14&oh=712e391b8a280a0756999361a261a080&oe=607B5049']
489243729128976,"Câ€™est Tout Ã  lâ€™heure mes Camers ğŸ‡¨ğŸ‡²
â€”â€”
Lâ€™album est Ã  la porte ! Ã‡a sâ€™appelle ""Allumez la lumiÃ¨re""","Câ€™est Tout Ã  lâ€™heure mes Camers ğŸ‡¨ğŸ‡²
â€”â€”
Lâ€™album est Ã  la porte ! Ã‡a sâ€™appelle ""Allumez la lumiÃ¨re""",,2021-02-27 09:58:27,,https://video-cdt1-1.xx.fbcdn.net/v/t42.1790-2/155057270_522895239105801_4777237250751700172_n.mp4?_nc_cat=109&ccb=1-3&_nc_sid=985c63&efg=eyJ2ZW5jb2RlX3RhZyI6InN2ZV9zZCJ9&_nc_ohc=_3DLvUmybnwAX8h1B3n&_nc_ht=video-cdt1-1.xx&oh=6c2693eecc09572d4aaae7c6ea8a0f9a&oe=6054FA66,https://scontent-cdt1-1.xx.fbcdn.net/v/t15.5256-10/cp0/e15/q65/s320x320/147368627_432766241273109_400510927797778751_n.jpg?_nc_cat=105&ccb=1-3&_nc_sid=ccf8b3&_nc_ohc=uN9S0SwPAcIAX_1BNAS&_nc_ht=scontent-cdt1-1.xx&tp=9&oh=1be42d6178ed2e5458ce50acda685f3e&oe=607B7D7E,432765094606557,2846,120,0,https://facebook.com/ksbloomofficiel/videos/432765094606557,,112105906842762,Ks Bloom,False,,,,,,,[]
488206842565998,"RDV au musÃ©e national du Cameroon ğŸ‡¨ğŸ‡² ce samedi 27 fÃ©vrier !

On va #Allumer_la_lumiÃ¨re !
Lâ€™album est Ã  la porte ğŸ’½","RDV au musÃ©e national du Cameroon ğŸ‡¨ğŸ‡² ce samedi 27 fÃ©vrier !

On va #Allumer_la_lumiÃ¨re !
Lâ€™album est Ã  la porte ğŸ’½",,2021-02-25 19:46:27,https://scontent-cdg2-1.xx.fbcdn.net/v/t1.0-9/fr/cp0/e15/q65/154185267_488206065899409_4651800508373589987_o.jpg?_nc_cat=100&ccb=1-3&_nc_sid=110474&_nc_ohc=_m_fQVKuynYAX-yWFij&_nc_ht=scontent-cdg2-1.xx&tp=14&oh=f4a76fed1e69360b4046f823b7bd65a2&oe=60796125,,,,5978,169,0,https://facebook.com/ksbloomofficiel/posts/488206842565998,,112105906842762,Ks Bloom,False,,,,,,,"['https://scontent-cdg2-1.xx.fbcdn.net/v/t1.0-9/fr/cp0/e15/q65/154185267_488206065899409_4651800508373589987_o.jpg?_nc_cat=100&ccb=1-3&_nc_sid=110474&_nc_ohc=_m_fQVKuynYAX-yWFij&_nc_ht=scontent-cdg2-1.xx&tp=14&oh=f4a76fed1e69360b4046f823b7bd65a2&oe=60796125', 'https://scontent-cdt1-1.xx.fbcdn.net/v/t1.0-9/fr/cp0/e15/q65/154959489_488206592566023_7503346486265929990_o.jpg?_nc_cat=101&ccb=1-3&_nc_sid=110474&_nc_ohc=tiqoOlihyO8AX8TAU9s&_nc_ht=scontent-cdt1-1.xx&tp=14&oh=46a054a2c94758fb4ce6c8e573815d68&oe=607C2470', 'https://scontent-cdg2-1.xx.fbcdn.net/v/t1.0-9/fr/cp0/e15/q65/154125593_488206612566021_8696563775905425440_o.jpg?_nc_cat=111&ccb=1-3&_nc_sid=110474&_nc_ohc=Kasx4n7x_jgAX_0d334&_nc_ht=scontent-cdg2-1.xx&tp=14&oh=c161acca16626d9612c70c77de8cec2f&oe=607C5295']"
487521002634582,"Je suis bien arrivÃ© mes camers ğŸ‡¨ğŸ‡²âœŠ !
Le 225 je me dÃ©sengage ğŸ‡¨ğŸ‡®ğŸ’”ğŸ¤§ğŸ˜…
â€”â€”â€”
RDV CE 27 fÃ©vrier au concert de ma sist Indira Baboke
â€”
Lâ€™album arrive , Ã§a sâ€™appelle ""ALLUMEZ LA LUMIÃˆRE""
#on_va_Ã©tonner_le_monde ğŸŒ•","Je suis bien arrivÃ© mes camers ğŸ‡¨ğŸ‡²âœŠ !
Le 225 je me dÃ©sengage ğŸ‡¨ğŸ‡®ğŸ’”ğŸ¤§ğŸ˜…
â€”â€”â€”
RDV CE 27 fÃ©vrier au concert de ma sist Indira Baboke
â€”
Lâ€™album arrive , Ã§a sâ€™appelle ""ALLUMEZ LA LUMIÃˆRE""
#on_va_Ã©tonner_le_monde ğŸŒ•",,2021-02-24 22:36:23,,https://video-cdt1-1.xx.fbcdn.net/v/t42.1790-2/153555005_756506245260848_5718889378730554892_n.mp4?_nc_cat=105&ccb=1-3&_nc_sid=985c63&efg=eyJ2ZW5jb2RlX3RhZyI6InN2ZV9zZCJ9&_nc_ohc=tqbzdTtxtYkAX81TQFX&_nc_ht=video-cdt1-1.xx&oh=92447b17ceec1cd52b965ac6995de8fd&oe=6055002C,https://scontent-cdt1-1.xx.fbcdn.net/v/t15.5256-10/cp0/e15/q65/p320x320/142596775_451566199301624_5930256897286340324_n.jpg?_nc_cat=103&ccb=1-3&_nc_sid=ccf8b3&_nc_ohc=PW8rhi0j9a0AX8ckjDB&_nc_ht=scontent-cdt1-1.xx&tp=3&oh=a3507e5a4e42279033a0fdfb7f61c59d&oe=607A4454,451559195968991,5609,1020,0,https://facebook.com/ksbloomofficiel/videos/451559195968991,,112105906842762,Ks Bloom,False,,,,,,,[]
487116832674999,"Mes Camers je suis lÃ  ! RDV ce 27 fÃ©vrier au concert de ma sÅ“ur Indira Baboke .
â€”â€”
clip ğŸ‘‰â–¶ï¸ : https://youtu.be/vSdxTwZWuYM

Lâ€™album arrive, Ã§a sâ€™appelle ""Allumez la lumiÃ¨re""
#on_va_Ã©tonner_le_monde ğŸŒ•","Mes Camers je suis lÃ  ! RDV ce 27 fÃ©vrier au concert de ma sÅ“ur Indira Baboke .
â€”â€”
clip ğŸ‘‰â–¶ï¸ : https://youtu.be/vSdxTwZWuYM

Lâ€™album arrive, Ã§a sâ€™appelle ""Allumez la lumiÃ¨re""
#on_va_Ã©tonner_le_monde ğŸŒ•",,2021-02-24 09:40:56,https://scontent-cdt1-1.xx.fbcdn.net/v/t1.0-9/fr/cp0/e15/q65/153550182_487116696008346_5634082657668771983_o.jpg?_nc_cat=103&ccb=1-3&_nc_sid=110474&_nc_ohc=dML4dynNLMYAX99ZBu2&_nc_ht=scontent-cdt1-1.xx&tp=14&oh=d52e09606e1e087f9e0f953f04a0e38c&oe=607BB979,,,,3925,261,0,https://facebook.com/ksbloomofficiel/posts/487116832674999,https://youtu.be/vSdxTwZWuYM,112105906842762,Ks Bloom,False,,,,,,,['https://scontent-cdt1-1.xx.fbcdn.net/v/t1.0-9/fr/cp0/e15/q65/153550182_487116696008346_5634082657668771983_o.jpg?_nc_cat=103&ccb=1-3&_nc_sid=110474&_nc_ohc=dML4dynNLMYAX99ZBu2&_nc_ht=scontent-cdt1-1.xx&tp=14&oh=d52e09606e1e087f9e0f953f04a0e38c&oe=607BB979']
484966972889985,"Yess Il a du talent ğŸ”¥ğŸ‘!!! Tâ€™es bÃ©ni bro ABOME Lelefant Officiel

ABOME Lelefant Officiel
February 12 at 4:49 PM Â·

ğŸš¨ğŸš¨ğŸš¨ Uhmmmm LA MUSIQUE RELIGIEUSE ğŸ”¥â¤ï¸Jâ€™ai fait ma part Ã  vous de le valider

Mon pÃ¨re Reverend General Makosso
Mon vieux Molare Inter artiste voilÃ  hein
Maman Claire Bahi Officiel Claire Bahi
Oman Nash Mon frÃ¨re Ks Bloom

Aidez moi Ã  propulser ce talent, mon artiste Nitiema Officiel ğŸ‘‰ğŸ½ https://youtu.be/J_HnUu6CyiI

#DIGBA_PRODUCTION RDV a 18H pour la sortie du son",Yess Il a du talent ğŸ”¥ğŸ‘!!! Tâ€™es bÃ©ni bro ABOME Lelefant Officiel,"ABOME Lelefant Officiel
February 12 at 4:49 PM Â·

ğŸš¨ğŸš¨ğŸš¨ Uhmmmm LA MUSIQUE RELIGIEUSE ğŸ”¥â¤ï¸Jâ€™ai fait ma part Ã  vous de le valider

Mon pÃ¨re Reverend General Makosso
Mon vieux Molare Inter artiste voilÃ  hein
Maman Claire Bahi Officiel Claire Bahi
Oman Nash Mon frÃ¨re Ks Bloom

Aidez moi Ã  propulser ce talent, mon artiste Nitiema Officiel ğŸ‘‰ğŸ½ https://youtu.be/J_HnUu6CyiI

#DIGBA_PRODUCTION RDV a 18H pour la sortie du son",2021-02-21 00:40:40,,https://video-cdt1-1.xx.fbcdn.net/v/t42.1790-2/148456628_804763103450198_6045976715090228734_n.mp4?_nc_cat=101&ccb=1-3&_nc_sid=985c63&efg=eyJ2ZW5jb2RlX3RhZyI6InN2ZV9zZCJ9&_nc_ohc=Yt9GlcUd1pgAX-vwFid&_nc_ht=video-cdt1-1.xx&oh=f921438452b66d0001c8806e7f13daa8&oe=6054F50B,https://scontent-cdt1-1.xx.fbcdn.net/v/t15.5256-10/cp0/e15/q65/s320x320/143385450_2794440144147114_6159305233496261889_n.jpg?_nc_cat=105&ccb=1-3&_nc_sid=ccf8b3&_nc_ohc=6jVpo2IhrD8AX9e8N6O&_nc_ht=scontent-cdt1-1.xx&tp=9&oh=7b65e61530a1b1b94662251de6d95731&oe=607B52F8,2794435697480892,964,26,98,https://facebook.com/ksbloomofficiel/posts/484966972889985,https://youtu.be/J_HnUu6CyiI,112105906842762,Ks Bloom,False,,270241311134313,2021-02-12 16:49:00,100044453378673,ABOME Lelefant Officiel,https://facebook.com/story.php?story_fbid=270241311134313&id=100044453378673,[]
482873926432623,"#14fevrier

Lâ€™ALBUM EST BIENTÃ”T DISPONIBLE ğŸ‰
#allumez_la_lumiere ğŸ’½

ASAPH du ciel feat Ks Bloom :
Ici ğŸ‘‰â–¶ï¸ : https://youtu.be/vSdxTwZWuYM

#on_va_Ã©tonner_le_monde","#14fevrier

Lâ€™ALBUM EST BIENTÃ”T DISPONIBLE ğŸ‰
#allumez_la_lumiere ğŸ’½

ASAPH du ciel feat Ks Bloom :
Ici ğŸ‘‰â–¶ï¸ : https://youtu.be/vSdxTwZWuYM

#on_va_Ã©tonner_le_monde",,2021-02-17 23:37:13,,https://video-cdt1-1.xx.fbcdn.net/v/t42.1790-2/10000000_256511109316414_1768515055605578627_n.mp4?_nc_cat=109&ccb=1-3&_nc_sid=985c63&efg=eyJ2ZW5jb2RlX3RhZyI6InN2ZV9zZCJ9&_nc_ohc=wVV_qsZE19sAX-OU-M9&_nc_ht=video-cdt1-1.xx&oh=5994e73ecc6d7a971834a0120e133d62&oe=6054F6C0,https://scontent-cdt1-1.xx.fbcdn.net/v/t15.5256-10/cp0/e15/q65/s320x320/145208193_230430315422487_5626761537965256280_n.jpg?_nc_cat=101&ccb=1-3&_nc_sid=ccf8b3&_nc_ohc=EjbldMUL_5QAX-SxORy&_nc_ht=scontent-cdt1-1.xx&tp=9&oh=f62e0805fef3f1f0b5d19a545252687c&oe=607A8675,230410622091123,12794,1454,0,https://facebook.com/ksbloomofficiel/videos/230410622091123,https://youtu.be/vSdxTwZWuYM,112105906842762,Ks Bloom,False,,,,,,,[]
481537866566229,,,,2021-02-15 21:33:03,https://scontent-cdt1-1.xx.fbcdn.net/v/t1.0-9/fr/cp0/e15/q65/150438999_481537806566235_3004685509594546928_o.jpg?_nc_cat=101&ccb=1-3&_nc_sid=dd9801&_nc_ohc=1DxDkzvEnE0AX_Di9kQ&_nc_ht=scontent-cdt1-1.xx&tp=14&oh=813a5b0a68b0a334351ceb12264678e2&oe=60795DE1,,,,1470,41,0,https://facebook.com/ksbloomofficiel/posts/481537803232902,,112105906842762,Ks Bloom,False,,,,,,,"['https://scontent-cdt1-1.xx.fbcdn.net/v/t1.0-9/fr/cp0/e15/q65/150438999_481537806566235_3004685509594546928_o.jpg?_nc_cat=101&ccb=1-3&_nc_sid=dd9801&_nc_ohc=1DxDkzvEnE0AX_Di9kQ&_nc_ht=scontent-cdt1-1.xx&tp=14&oh=813a5b0a68b0a334351ceb12264678e2&oe=60795DE1', 'https://scontent-cdt1-1.xx.fbcdn.net/v/t1.0-9/fr/cp0/e15/q65/150438999_481537806566235_3004685509594546928_o.jpg?_nc_cat=101&ccb=1-3&_nc_sid=dd9801&_nc_ohc=1DxDkzvEnE0AX_Di9kQ&_nc_ht=scontent-cdt1-1.xx&tp=14&oh=813a5b0a68b0a334351ceb12264678e2&oe=60795DE1', 'https://scontent-cdt1-1.xx.fbcdn.net/v/t1.0-9/fr/cp0/e15/q65/150438999_481537806566235_3004685509594546928_o.jpg?_nc_cat=101&ccb=1-3&_nc_sid=dd9801&_nc_ohc=1DxDkzvEnE0AX_Di9kQ&_nc_ht=scontent-cdt1-1.xx&tp=14&oh=813a5b0a68b0a334351ceb12264678e2&oe=60795DE1']"
481531696566846,"Nous y sommes presque ! Lâ€™album est Ã  la porte ! #20_TITRES !

Lâ€™album arrive, Ã§a sâ€™appelle ""Allumez la lumiÃ¨re""
BientÃ´t la date de la sortie officielle !
#ON_VA_Ã‰TONNER_LE_MONDE ğŸŒ•","Nous y sommes presque ! Lâ€™album est Ã  la porte ! #20_TITRES !

Lâ€™album arrive, Ã§a sâ€™appelle ""Allumez la lumiÃ¨re""
BientÃ´t la date de la sortie officielle !
#ON_VA_Ã‰TONNER_LE_MONDE ğŸŒ•",,2021-02-15 21:18:38,https://scontent-cdt1-1.xx.fbcdn.net/v/t1.0-9/fr/cp0/e15/q65/150485273_481531306566885_8078968033059017572_o.jpg?_nc_cat=110&ccb=1-3&_nc_sid=110474&_nc_ohc=PeRywgNoGjkAX-8sffc&_nc_ht=scontent-cdt1-1.xx&tp=14&oh=bed451b9341f7a456dcf5c12353e3731&oe=607C5320,,,,4870,247,0,https://facebook.com/ksbloomofficiel/posts/481531696566846,,112105906842762,Ks Bloom,False,,,,,,,['https://scontent-cdt1-1.xx.fbcdn.net/v/t1.0-9/fr/cp0/e15/q65/150485273_481531306566885_8078968033059017572_o.jpg?_nc_cat=110&ccb=1-3&_nc_sid=110474&_nc_ohc=PeRywgNoGjkAX-8sffc&_nc_ht=scontent-cdt1-1.xx&tp=14&oh=bed451b9341f7a456dcf5c12353e3731&oe=607C5320']
481528616567154,,,,2021-02-15 21:10:25,https://scontent-cdg2-1.xx.fbcdn.net/v/t1.0-9/fr/cp0/e15/q65/151046451_481528566567159_466769100986573519_n.jpg?_nc_cat=108&ccb=1-3&_nc_sid=85a577&_nc_ohc=87vlmHnuogIAX8a1RxQ&_nc_ht=scontent-cdg2-1.xx&tp=14&oh=70bd1054dbd6d1dfeed2b2353ff4ced1&oe=607B0AAC,,,,2008,88,0,https://facebook.com/ksbloomofficiel/posts/481528563233826,,112105906842762,Ks Bloom,False,,,,,,,"['https://scontent-cdg2-1.xx.fbcdn.net/v/t1.0-9/fr/cp0/e15/q65/151046451_481528566567159_466769100986573519_n.jpg?_nc_cat=108&ccb=1-3&_nc_sid=85a577&_nc_ohc=87vlmHnuogIAX8a1RxQ&_nc_ht=scontent-cdg2-1.xx&tp=14&oh=70bd1054dbd6d1dfeed2b2353ff4ced1&oe=607B0AAC', 'https://scontent-cdg2-1.xx.fbcdn.net/v/t1.0-9/fr/cp0/e15/q65/151046451_481528566567159_466769100986573519_n.jpg?_nc_cat=108&ccb=1-3&_nc_sid=85a577&_nc_ohc=87vlmHnuogIAX8a1RxQ&_nc_ht=scontent-cdg2-1.xx&tp=14&oh=70bd1054dbd6d1dfeed2b2353ff4ced1&oe=607B0AAC', 'https://scontent-cdg2-1.xx.fbcdn.net/v/t1.0-9/fr/cp0/e15/q65/151046451_481528566567159_466769100986573519_n.jpg?_nc_cat=108&ccb=1-3&_nc_sid=85a577&_nc_ohc=87vlmHnuogIAX8a1RxQ&_nc_ht=scontent-cdg2-1.xx&tp=14&oh=70bd1054dbd6d1dfeed2b2353ff4ced1&oe=607B0AAC']"
480310390022310,"ğŸ”¥ Rap d'Honneur â¤ï¸

Rap d'Honneur
February 8 at 12:16 PM Â·

Le son du moment ! En enfer y'a pas glaÃ§on ğŸ˜†
ASAPH du ciel feat Ks Bloom

ğŸ‘‰â–¶ï¸ : https://youtu.be/vSdxTwZWuYM",ğŸ”¥ Rap d'Honneur â¤ï¸,"Rap d'Honneur
February 8 at 12:16 PM Â·

Le son du moment ! En enfer y'a pas glaÃ§on ğŸ˜†
ASAPH du ciel feat Ks Bloom

ğŸ‘‰â–¶ï¸ : https://youtu.be/vSdxTwZWuYM",2021-02-13 23:30:29,,https://video-cdg2-1.xx.fbcdn.net/v/t42.1790-2/146722947_417085442915277_6449201929115165732_n.mp4?_nc_cat=111&ccb=1-3&_nc_sid=985c63&efg=eyJ2ZW5jb2RlX3RhZyI6InN2ZV9zZCJ9&_nc_ohc=4wYDejVl2NkAX-S9oZM&_nc_oc=AQmQq9I0gZ4GwyakqXKMKtUYH0oGqwKBafTanP8CeqZ_pSD7fj5tXc_HZ7IBJzlcWgpZOXtVTfoC6Z_xrirpAKPB&_nc_ht=video-cdg2-1.xx&oh=4dc67adc16fae4ff200cc86cd0204a34&oe=6054FACD,https://scontent-cdt1-1.xx.fbcdn.net/v/t15.5256-10/cp0/e15/q65/s320x320/137504829_425022778773435_8423539599689651882_n.jpg?_nc_cat=109&ccb=1-3&_nc_sid=ccf8b3&_nc_ohc=ZUtTcrBKKSYAX_nsBvj&_nc_ht=scontent-cdt1-1.xx&tp=9&oh=13059583534db814da53bcd86bdea9ae&oe=607B1756,425015638774149,1124,49,123,https://facebook.com/ksbloomofficiel/posts/480310390022310,https://youtu.be/vSdxTwZWuYM,112105906842762,Ks Bloom,False,,2801067553475204,2021-02-08 12:16:00,2167564520158847,Rap d'Honneur,https://facebook.com/story.php?story_fbid=2801067553475204&id=2167564520158847,[]
477768370276512,"jâ€™te parle de JÃ‰SUS CHRIST tu mâ€™Ã©coute pas Ã  cause de boisson ?
Faut faire attention ! Man en enfer yâ€™a pas ...?

â€”â€”
ASAPH du ciel feat Ks Bloom enfin disponible sur #youtube
ğŸ‘‰â–¶ï¸ : https://youtu.be/vSdxTwZWuYM
â€”
whatsapp (TEAM KS BLOOM) : +225 09250357
Lâ€™album arrive Ã§a sâ€™appelle ""Allumez la lumiÃ¨re""
#on_va_etonner_le_monde ğŸŒ•","jâ€™te parle de JÃ‰SUS CHRIST tu mâ€™Ã©coute pas Ã  cause de boisson ?
Faut faire attention ! Man en enfer yâ€™a pas ...?

â€”â€”
ASAPH du ciel feat Ks Bloom enfin disponible sur #youtube
ğŸ‘‰â–¶ï¸ : https://youtu.be/vSdxTwZWuYM
â€”
whatsapp (TEAM KS BLOOM) : +225 09250357
Lâ€™album arrive Ã§a sâ€™appelle ""Allumez la lumiÃ¨re""
#on_va_etonner_le_monde ğŸŒ•",,2021-02-09 20:43:27,https://scontent-cdg2-1.xx.fbcdn.net/v/t1.0-9/fr/cp0/e15/q65/148666636_477764150276934_3125251160850326508_o.jpg?_nc_cat=100&ccb=1-3&_nc_sid=110474&_nc_ohc=rZUkVaiPD00AX-RizHa&_nc_ht=scontent-cdg2-1.xx&tp=14&oh=fa1a5021ab34986f59fb44e4bc387c1e&oe=607A8309,,,,12342,619,0,https://facebook.com/ksbloomofficiel/posts/477768370276512,https://youtu.be/vSdxTwZWuYM,112105906842762,Ks Bloom,False,,,,,,,['https://scontent-cdg2-1.xx.fbcdn.net/v/t1.0-9/fr/cp0/e15/q65/148666636_477764150276934_3125251160850326508_o.jpg?_nc_cat=100&ccb=1-3&_nc_sid=110474&_nc_ohc=rZUkVaiPD00AX-RizHa&_nc_ht=scontent-cdg2-1.xx&tp=14&oh=fa1a5021ab34986f59fb44e4bc387c1e&oe=607A8309']
476634780389871,"En enfer y'a pas glaÃ§on !
ASAPH du ciel feat Ks Bloom disponible sur #youtube

ğŸ‘‰â–¶ï¸ : https://youtu.be/vSdxTwZWuYM

L' album arrive , Ã§a s'appelle "" Allumez La LumiÃ¨re ""
#on_va_etonner_le_monde ğŸŒ•","En enfer y'a pas glaÃ§on !
ASAPH du ciel feat Ks Bloom disponible sur #youtube

ğŸ‘‰â–¶ï¸ : https://youtu.be/vSdxTwZWuYM

L' album arrive , Ã§a s'appelle "" Allumez La LumiÃ¨re ""
#on_va_etonner_le_monde ğŸŒ•",,2021-02-07 21:51:16,,https://video-cdt1-1.xx.fbcdn.net/v/t42.1790-2/146939827_2783119385263257_5545866517339834452_n.mp4?_nc_cat=106&ccb=1-3&_nc_sid=985c63&efg=eyJ2ZW5jb2RlX3RhZyI6InN2ZV9zZCJ9&_nc_ohc=CDIku0x3Hp0AX-bCC0n&_nc_ht=video-cdt1-1.xx&oh=c02e6f9fcab8c906634e12827bf577ca&oe=6054F5CD,https://scontent-cdt1-1.xx.fbcdn.net/v/t15.5256-10/cp0/e15/q65/s320x320/142999144_1114301472338785_4366734950006529911_n.jpg?_nc_cat=109&ccb=1-3&_nc_sid=ccf8b3&_nc_ohc=btj5NY1kGr4AX9STiPn&_nc_ht=scontent-cdt1-1.xx&tp=9&oh=4fb934e5019d98e25d47e6b616032864&oe=60792763,1114300459005553,12059,626,0,https://facebook.com/ksbloomofficiel/videos/1114300459005553,https://youtu.be/vSdxTwZWuYM,112105906842762,Ks Bloom,False,,,,,,,[]
474766670576682,"ASAPH du ciel feat #ks_bloom |
Disponible ce dimanche 7 feÌvrier sur #YouTube â–¶ï¸.
â€”â€”â€”â€”â€”â€”
Lâ€™album arrive cÌ§a sâ€™appelle
#allumez_la_lumieÌ€re ğŸ“€
#on_va_Ã©tonner_le_monde ğŸŒ
ğŸ‘‰ â–¶ï¸ : https://youtu.be/QTWOvEo54nk","ASAPH du ciel feat #ks_bloom |
Disponible ce dimanche 7 feÌvrier sur #YouTube â–¶ï¸.
â€”â€”â€”â€”â€”â€”
Lâ€™album arrive cÌ§a sâ€™appelle
#allumez_la_lumieÌ€re ğŸ“€
#on_va_Ã©tonner_le_monde ğŸŒ
ğŸ‘‰ â–¶ï¸ : https://youtu.be/QTWOvEo54nk",,2021-02-04 20:05:50,https://scontent-cdt1-1.xx.fbcdn.net/v/t1.0-9/fr/cp0/e15/q65/146456049_474764503910232_1336782311516729988_o.jpg?_nc_cat=109&ccb=1-3&_nc_sid=110474&_nc_ohc=98UHR27LdSYAX_UJlM4&_nc_ht=scontent-cdt1-1.xx&tp=14&oh=040147f979459ad5d06074148d75d034&oe=607AB068,,,,6127,167,0,https://facebook.com/ksbloomofficiel/posts/474766670576682,https://youtu.be/QTWOvEo54nk,112105906842762,Ks Bloom,False,,,,,,,['https://scontent-cdt1-1.xx.fbcdn.net/v/t1.0-9/fr/cp0/e15/q65/146456049_474764503910232_1336782311516729988_o.jpg?_nc_cat=109&ccb=1-3&_nc_sid=110474&_nc_ohc=98UHR27LdSYAX_UJlM4&_nc_ht=scontent-cdt1-1.xx&tp=14&oh=040147f979459ad5d06074148d75d034&oe=607AB068']
471132864273396,"ASAPH du ciel feat #ks_bloom !
En exclu sur TRACE Gospel !
â€”â€”â€”â€”â€”
Clip Disponible le 7 feÌvrier sur #YouTube â–¶ï¸.
â€”â€”â€”â€”â€”â€”
Lâ€™album arrive cÌ§a sâ€™appelle
#allumez_la_lumieÌ€re ğŸ“€
#on_va_Ã©tonner_le_monde ğŸŒ","ASAPH du ciel feat #ks_bloom !
En exclu sur TRACE Gospel !
â€”â€”â€”â€”â€”
Clip Disponible le 7 feÌvrier sur #YouTube â–¶ï¸.
â€”â€”â€”â€”â€”â€”
Lâ€™album arrive cÌ§a sâ€™appelle
#allumez_la_lumieÌ€re ğŸ“€
#on_va_Ã©tonner_le_monde ğŸŒ",,2021-01-29 22:22:11,,https://video-cdt1-1.xx.fbcdn.net/v/t42.1790-2/144323261_1256516048083851_8731594122235226745_n.mp4?_nc_cat=105&ccb=1-3&_nc_sid=985c63&efg=eyJ2ZW5jb2RlX3RhZyI6InN2ZV9zZCJ9&_nc_ohc=Aj1un__WvN4AX_jFI1F&_nc_ht=video-cdt1-1.xx&oh=3bfbf0e088ae34589b9c2f571e099731&oe=6054FB55,https://scontent-cdt1-1.xx.fbcdn.net/v/t15.5256-10/cp0/e15/q65/p320x320/132997910_439053720845106_6728059530638410197_n.jpg?_nc_cat=106&ccb=1-3&_nc_sid=ccf8b3&_nc_ohc=v9aQ5YW8jo0AX_LDb3l&_nc_oc=AQk6_s_ba6wzbclu-3YJJluMY_wgwrjP6_LBjrc4pET-6M_XzB4io5LW-gLSiMGgLa29RZeudplqQ3GfS-Mc6rOi&_nc_ht=scontent-cdt1-1.xx&tp=3&oh=bcf40f70bbe190b26769708211b8dbe5&oe=607C41D9,439051100845368,3504,160,0,https://facebook.com/ksbloomofficiel/videos/439051100845368,,112105906842762,Ks Bloom,False,,,,,,,[]
470800107640005,"JÃ‰SUS EST HAMBURGER ! satan est ... !!!

Rap d'Honneur
July 21, 2020 at 8:30 PM Â·

tchiaaa LE SON EST MAL DOUX ! nous on t'aime quand meme orh! so so so so ! tchiaaaaa ğŸ˜­ğŸ’”ğŸ’ƒ

â– : https://youtu.be/QTWOvEo54nk",JÃ‰SUS EST HAMBURGER ! satan est ... !!!,"Rap d'Honneur
July 21, 2020 at 8:30 PM Â·

tchiaaa LE SON EST MAL DOUX ! nous on t'aime quand meme orh! so so so so ! tchiaaaaa ğŸ˜­ğŸ’”ğŸ’ƒ

â– : https://youtu.be/QTWOvEo54nk",2021-01-29 10:18:23,,https://video-cdg2-1.xx.fbcdn.net/v/t42.9040-2/115846272_674658843118966_3120353187299891717_n.mp4?_nc_cat=102&ccb=1-3&_nc_sid=985c63&efg=eyJ2ZW5jb2RlX3RhZyI6InN2ZV9zZCJ9&_nc_ohc=gvSbz4tdj74AX9rhkok&_nc_ht=video-cdg2-1.xx&oh=dca86c8c95504cb68cb19011b40180ae&oe=6054FD4B,https://scontent-cdg2-1.xx.fbcdn.net/v/t15.5256-10/cp0/e15/q65/s320x320/109359076_285310536040053_1829775385822636204_n.jpg?_nc_cat=111&ccb=1-3&_nc_sid=ccf8b3&_nc_ohc=zZ3OSFSQ-XcAX_ycQys&_nc_ht=scontent-cdg2-1.xx&tp=9&oh=a1b1b606ebd997386df4764f3c8ba029&oe=6079D08E,285296649374775,1931,98,379,https://facebook.com/ksbloomofficiel/posts/470800107640005,https://youtu.be/QTWOvEo54nk,112105906842762,Ks Bloom,False,,2623375891244372,2020-07-21 20:30:00,2167564520158847,Rap d'Honneur,https://facebook.com/story.php?story_fbid=2623375891244372&id=2167564520158847,[]
469162251137124,"â¤ï¸ Kouadio Hugues

Clip ğŸ‘‰ â–¶ï¸ : https://youtu.be/QTWOvEo54nk","â¤ï¸ Kouadio Hugues

Clip ğŸ‘‰ â–¶ï¸ : https://youtu.be/QTWOvEo54nk",,2021-01-26 17:36:15,,https://video-cdt1-1.xx.fbcdn.net/v/t42.1790-2/141729362_827974894453457_6353652681782103258_n.mp4?_nc_cat=103&ccb=1-3&_nc_sid=985c63&efg=eyJ2ZW5jb2RlX3RhZyI6InN2ZV9zZCJ9&_nc_ohc=uT-qt06CMkAAX_e3flx&_nc_ht=video-cdt1-1.xx&oh=c9f3231e192ca36b1642b90bb7c8bee7&oe=6054F720,https://scontent-cdt1-1.xx.fbcdn.net/v/t15.5256-10/cp0/e15/q65/p320x320/130858495_419963759270712_8693816646327225450_n.jpg?_nc_cat=109&ccb=1-3&_nc_sid=ccf8b3&_nc_ohc=rL2jM3bDHU0AX9xPrZc&_nc_ht=scontent-cdt1-1.xx&tp=3&oh=ac601a5b5b69739e55be17828a3632ad&oe=607BE5AC,419961469270941,5672,209,0,https://facebook.com/ksbloomofficiel/videos/419961469270941,https://youtu.be/QTWOvEo54nk,112105906842762,Ks Bloom,False,,,,,,,[]
466671491386200,"Je suis fiÃ¨re dâ€™Ãªtre le fils spirituel de cet homme â¤ï¸

Pasteur Mohammed Sanogo
January 22 at 2:02 PM Â·

ğŸ”´ ğğ„ ğ“ğ„ ğ‹ğ€ğˆğ’ğ’ğ„ ğğ€ğ’ ğ“ğ‘ğğŒğğ„ğ‘ ğğ€ğ‘ ğ‚ğ„ğ’ ğ‚ğ‡ğğ’ğ„ğ’ - ğğ€ğ’ğ“ğ„ğ”ğ‘ ğŒğğ‡ğ€ğŒğŒğ„ğƒ ğ’ğ€ğğğ†ğ

""Ne savez-vous pas que les injustes n'hÃ©riteront point le royaume de Dieu? Ne vous y trompez pas: ni les impudiques, ni les idolÃ¢tres, ni les adultÃ¨res, ni les effÃ©minÃ©s, ... n'hÃ©riteront le royaume de Dieu "" 1 Corinthiens 6:9 (LSG)

VidÃ©o tirÃ©e de : https://youtu.be/6rO993_oPdk?t=2746

SITE: www.mohammedsanogo.org
Youtube: https://www.youtube.com/c/MohammedSANOGO
Twitter: https://twitter.com/MohammedSanogo
Instagram: https://www.instagram.com/mohammedsanogo/

#mohammedsanogo #gospel #Dieu #church #parole #message #jesus #vasesdhonneur",Je suis fiÃ¨re dâ€™Ãªtre le fils spirituel de cet homme â¤ï¸,"Pasteur Mohammed Sanogo
January 22 at 2:02 PM Â·

ğŸ”´ ğğ„ ğ“ğ„ ğ‹ğ€ğˆğ’ğ’ğ„ ğğ€ğ’ ğ“ğ‘ğğŒğğ„ğ‘ ğğ€ğ‘ ğ‚ğ„ğ’ ğ‚ğ‡ğğ’ğ„ğ’ - ğğ€ğ’ğ“ğ„ğ”ğ‘ ğŒğğ‡ğ€ğŒğŒğ„ğƒ ğ’ğ€ğğğ†ğ

""Ne savez-vous pas que les injustes n'hÃ©riteront point le royaume de Dieu? Ne vous y trompez pas: ni les impudiques, ni les idolÃ¢tres, ni les adultÃ¨res, ni les effÃ©minÃ©s, ... n'hÃ©riteront le royaume de Dieu "" 1 Corinthiens 6:9 (LSG)

VidÃ©o tirÃ©e de : https://youtu.be/6rO993_oPdk?t=2746

SITE: www.mohammedsanogo.org
Youtube: https://www.youtube.com/c/MohammedSANOGO
Twitter: https://twitter.com/MohammedSanogo
Instagram: https://www.instagram.com/mohammedsanogo/

#mohammedsanogo #gospel #Dieu #church #parole #message #jesus #vasesdhonneur",2021-01-22 21:40:37,,https://video-cdg2-1.xx.fbcdn.net/v/t42.1790-2/10000000_114916917116955_5184475972176693047_n.mp4?_nc_cat=102&ccb=1-3&_nc_sid=985c63&efg=eyJ2ZW5jb2RlX3RhZyI6InN2ZV9zZCJ9&_nc_ohc=qldZ5NjSu2MAX9Cge-k&_nc_ht=video-cdg2-1.xx&oh=684bd586170207c7e6e8ce90f3fc04f1&oe=6054FD99,https://scontent-cdg2-1.xx.fbcdn.net/v/t15.5256-10/cp0/e15/q65/p320x320/137718999_168515914669322_5779494682671578603_n.jpg?_nc_cat=100&ccb=1-3&_nc_sid=ccf8b3&_nc_ohc=eU-5Xenw22cAX_wuNy8&_nc_ht=scontent-cdg2-1.xx&tp=3&oh=2a774e82892a87226d3a4f9248a8f02b&oe=6079B22E,900539510774486,1563,45,336,https://facebook.com/ksbloomofficiel/posts/466671491386200,https://youtu.be/6rO993_oPdk?t=2746,112105906842762,Ks Bloom,False,,900539510774486,2021-01-22 14:02:00,207689899338299,Pasteur Mohammed Sanogo,https://facebook.com/story.php?story_fbid=900539510774486&id=207689899338299,[]
466640238055992,"â–¶ï¸Certains frÃ¨res dans la foi se plaignent!

ils disent que le monde est devenu trop compliquÃ© , que la tentation est trop et que le pÃ©chÃ© est devenu trop facile dâ€™accÃ¨s!
Et je suis trÃ¨s dâ€™accord avec eux ğŸ¤ !

-pour tricher câ€™est tellement facile , pour Ãªtre vulgaire câ€™est facile ,pour forniquer câ€™est Ã  la seconde mÃªme (pour la plus part dâ€™entre nous il suffit juste de prendre ton Tel , de passer un petit coup de fil et ""Souuuh"" , 3minutes plus tard le pÃ©chÃ© garre devant ton portail !
un jolie pÃ©chÃ© parfumÃ© aussi ğŸ¤¦â€â™‚ï¸!)
â€”â€”â€”â€”â€”â€”â€”â€”â€”

ğŸŒ•mais en mÃªme temps pour rÃ©ussir dans les Ã©tudes câ€™est facile , on est dans une gÃ©nÃ©ration oÃ¹ 85% des Ã©lÃ¨ves sont inconscients ,Si tu fais preuve dâ€™un tout petit peu de conscience tu seras PREMIER de classeğŸ¥‡!
la parole de Dieu est disponible sous toutes ses formes sur internet du coup pour bien mÃ©diter câ€™est facile!
aussi faÃ§on câ€™est facile de regarder les films X câ€™est comme Ã§a que câ€™est facile de se documenter ,
du coup je pense quâ€™il faut juste savoir vers quelle facilitÃ© tâ€™orienter ğŸ”›

ğŸŒ•En tout cas pour nous les Fils de Dieu la grande chose Ã  savoir câ€™est que
LE SEIGNEUR NE NOUS A JAMAIS PROPHÃ‰TISÃ‰ LA FACILITÃ‰!!! bien au contraire !
Il a promis des tribulations ( Jean 16:33 )
mais ce qui est cool câ€™est quâ€™il a promis dâ€™Ãªtre avec nous pour les surmonter ( JosuÃ© 1:5 )!

-Restons Tranquille les gars , une fois au ciel toutes ces luttes seront derriÃ¨res nousğŸ™Œ ,
On sera tous assis avec notre SEIGNEUR! Nos HÃ©ros de la foi, Nos familles !
CHACUN AVEC SON PLAT Dâ€™ALLOCO ğŸ½
En train de dire :
sâ€™Ã©tait pas facile hein ğŸ˜…... mais on lâ€™a faitâœŠğŸ‰ !
on a combattu le bon combat , on a GARDÃ‰ LA FOI !

#COMMANDOS ğŸ”¥ğŸ’ª
Lâ€™album arrive , Ã§a sâ€™appelle ""Allumez la lumiÃ¨re""
Contacte : +225 09250357
#ALLOCO â–¶ï¸ : https://youtu.be/QTWOvEo54nk","â–¶ï¸Certains frÃ¨res dans la foi se plaignent!

ils disent que le monde est devenu trop compliquÃ© , que la tentation est trop et que le pÃ©chÃ© est devenu trop facile dâ€™accÃ¨s!
Et je suis trÃ¨s dâ€™accord avec eux ğŸ¤ !

-pour tricher câ€™est tellement facile , pour Ãªtre vulgaire câ€™est facile ,pour forniquer câ€™est Ã  la seconde mÃªme (pour la plus part dâ€™entre nous il suffit juste de prendre ton Tel , de passer un petit coup de fil et ""Souuuh"" , 3minutes plus tard le pÃ©chÃ© garre devant ton portail !
un jolie pÃ©chÃ© parfumÃ© aussi ğŸ¤¦â€â™‚ï¸!)
â€”â€”â€”â€”â€”â€”â€”â€”â€”

ğŸŒ•mais en mÃªme temps pour rÃ©ussir dans les Ã©tudes câ€™est facile , on est dans une gÃ©nÃ©ration oÃ¹ 85% des Ã©lÃ¨ves sont inconscients ,Si tu fais preuve dâ€™un tout petit peu de conscience tu seras PREMIER de classeğŸ¥‡!
la parole de Dieu est disponible sous toutes ses formes sur internet du coup pour bien mÃ©diter câ€™est facile!
aussi faÃ§on câ€™est facile de regarder les films X câ€™est comme Ã§a que câ€™est facile de se documenter ,
du coup je pense quâ€™il faut juste savoir vers quelle facilitÃ© tâ€™orienter ğŸ”›

ğŸŒ•En tout cas pour nous les Fils de Dieu la grande chose Ã  savoir câ€™est que
LE SEIGNEUR NE NOUS A JAMAIS PROPHÃ‰TISÃ‰ LA FACILITÃ‰!!! bien au contraire !
Il a promis des tribulations ( Jean 16:33 )
mais ce qui est cool câ€™est quâ€™il a promis dâ€™Ãªtre avec nous pour les surmonter ( JosuÃ© 1:5 )!

-Restons Tranquille les gars , une fois au ciel toutes ces luttes seront derriÃ¨res nousğŸ™Œ ,
On sera tous assis avec notre SEIGNEUR! Nos HÃ©ros de la foi, Nos familles !
CHACUN AVEC SON PLAT Dâ€™ALLOCO ğŸ½
En train de dire :
sâ€™Ã©tait pas facile hein ğŸ˜…... mais on lâ€™a faitâœŠğŸ‰ !
on a combattu le bon combat , on a GARDÃ‰ LA FOI !

#COMMANDOS ğŸ”¥ğŸ’ª
Lâ€™album arrive , Ã§a sâ€™appelle ""Allumez la lumiÃ¨re""
Contacte : +225 09250357
#ALLOCO â–¶ï¸ : https://youtu.be/QTWOvEo54nk",,2021-01-22 20:32:21,https://scontent-cdt1-1.xx.fbcdn.net/v/t1.0-9/fr/cp0/e15/q65/141739503_466638888056127_4834357038750719274_o.jpg?_nc_cat=103&ccb=1-3&_nc_sid=110474&_nc_ohc=aI1KGcCAmgkAX-xrZsU&_nc_ht=scontent-cdt1-1.xx&tp=14&oh=b6ee88ada3bf8711f639ba2156fc4759&oe=607AFA3C,,,,8808,407,0,https://facebook.com/ksbloomofficiel/posts/466640238055992,,112105906842762,Ks Bloom,False,,,,,,,['https://scontent-cdt1-1.xx.fbcdn.net/v/t1.0-9/fr/cp0/e15/q65/141739503_466638888056127_4834357038750719274_o.jpg?_nc_cat=103&ccb=1-3&_nc_sid=110474&_nc_ohc=aI1KGcCAmgkAX-xrZsU&_nc_ht=scontent-cdt1-1.xx&tp=14&oh=b6ee88ada3bf8711f639ba2156fc4759&oe=607AFA3C']
461802218539794,"Que dire ?

â€”â€”
Lâ€™album arrive Ã§a sâ€™appelle ""Allumez la lumiÃ¨re""
Clip ğŸ‘‰ : https://youtu.be/QTWOvEo54nk
Whatsapp : +225 09250357
â€”â€”â€”
#ALLUMEZ_LA_LUMIÃˆRE ğŸ“€","Que dire ?

â€”â€”
Lâ€™album arrive Ã§a sâ€™appelle ""Allumez la lumiÃ¨re""
Clip ğŸ‘‰ : https://youtu.be/QTWOvEo54nk
Whatsapp : +225 09250357
â€”â€”â€”
#ALLUMEZ_LA_LUMIÃˆRE ğŸ“€",,2021-01-15 00:01:44,,https://video-cdt1-1.xx.fbcdn.net/v/t42.1790-2/10000000_941152379623312_2953704493748878998_n.mp4?_nc_cat=106&ccb=1-3&_nc_sid=985c63&efg=eyJ2ZW5jb2RlX3RhZyI6InN2ZV9zZCJ9&_nc_ohc=Ay4lDWqLGJMAX9cED1O&_nc_oc=AQntoxYQ9_-VfvCejSn02adLtJtAA4h5cW97hdYiEDtHo0U_rS7noWWIynsRNBU32bGkmSSa1qjpJoQWwgXiO03P&_nc_ht=video-cdt1-1.xx&oh=b528ac40bf802ff0e5e4f40d41d6752d&oe=6054F39E,https://scontent-cdg2-1.xx.fbcdn.net/v/t15.5256-10/cp0/e15/q65/s320x320/130206734_507840830189670_1014431339372059810_n.jpg?_nc_cat=108&ccb=1-3&_nc_sid=ccf8b3&_nc_ohc=MdpD_eEanlQAX-kxgva&_nc_ht=scontent-cdg2-1.xx&tp=9&oh=5c2fa00b7952e2eaaaaff2e7ca417441&oe=607A32F2,507823940191359,34616,3014,0,https://facebook.com/ksbloomofficiel/videos/507823940191359,https://youtu.be/QTWOvEo54nk,112105906842762,Ks Bloom,False,,,,,,,[]
